{"stats":{"minecraft:broken":{"minecraft:golden_boots":1,"minecraft:iron_boots":1,"minecraft:iron_leggings":1,"minecraft:diamond_pickaxe":1,"minecraft:wooden_pickaxe":2,"immersive_armors:wooden_helmet":1,"minecraft:iron_axe":1,"minecraft:iron_pickaxe":9,"minecraft:stone_pickaxe":26,"minecraft:golden_axe":2,"minecraft:leather_boots":1,"minecraft:golden_pickaxe":1},"minecraft:killed_by":{"minecraft:piglin_brute":3,"minecraft:ravager":1,"majruszsdifficulty:cursed_armor":1,"enemyexpansion:vampire":1,"minecraft:wither_skeleton":6,"whisperwoods:zotzpyre":1,"minecraft:skeleton":1,"irons_spellbooks:archevoker":1,"bygonenether:wex":1,"undead_unleashed:flamebreather":1},"minecraft:used":{"irons_spellbooks:inscription_table":1,"minecraft:nether_brick_fence":4,"minecraft:spruce_slab":5,"minecraft:polished_blackstone":19,"minecraft:poppy":1,"minecraft:chest":5,"minecraft:stone":63,"minecraft:red_nether_brick_stairs":1,"constructionwand:iron_wand":13,"atmospheric:golden_dragon_fruit":1,"easy_villagers:converter":6,"minecraft:polished_blackstone_slab":4,"minecraft:lava_bucket":59,"easy_villagers:iron_farm":17,"ars_nouveau:source_berry":6,"minecraft:bow":40,"mutantmonsters:hulk_hammer":51,"minecraft:furnace":1,"minecraft:stripped_birch_log":5,"minecraft:blackstone":8,"minecraft:wooden_pickaxe":131,"minecraft:leather_chestplate":1,"minecraft:black_glazed_terracotta":71,"minecraft:golden_apple":21,"minecraft:respawn_anchor":1,"minecraft:blast_furnace":3,"minecraft:gray_concrete":4,"minecraft:crying_obsidian":5,"minecraft:birch_slab":62,"atmospheric:shimmering_passion_fruit":3,"byg:embur_wart":1,"minecraft:coal_block":2,"minecraft:wooden_sword":63,"minecraft:dark_oak_fence":1,"minecraft:smithing_table":1,"minecraft:oak_boat":3,"forbidden_arcanus:reinforced_deorum_sword":533,"minecraft:iron_bars":56,"ars_nouveau:archwood_slab":33,"minecraft:netherrack":187,"minecraft:torch":8,"minecraft:brewing_stand":2,"minecraft:anvil":3,"minecraft:nether_brick_slab":2,"minecraft:golden_shovel":13,"minecraft:chipped_anvil":1,"minecraft:iron_axe":484,"easy_villagers:trader":12,"elevatorid:elevator_red":2,"minecraft:barrel":4,"minecraft:smooth_basalt":9,"minecraft:basalt":183,"minecraft:glowstone":44,"minecraft:gray_glazed_terracotta":18,"comforts:sleeping_bag_white":1,"minecraft:cobbled_deepslate":14,"minecraft:golden_axe":55,"minecraft:crimson_stem":4,"easy_villagers:farmer":1,"minecraft:leather_boots":1,"minecraft:polished_blackstone_bricks":28,"minecraft:lime_terracotta":3,"minecraft:tnt":1,"supplementaries:bomb":2,"minecraft:oak_slab":32,"minecraft:crafting_table":5,"minecraft:birch_sign":24,"minecraft:white_bed":3,"minecraft:dark_prismarine":1,"minecraft:diamond_pickaxe":1761,"byg:embur_gel_block":17,"minecraft:iron_pickaxe":2958,"minecraft:spruce_trapdoor":1,"alexsmobs:tendon_whip":3,"minecraft:cobblestone":56,"minecraft:cooked_porkchop":111,"byg:scoria_cobblestone":157,"minecraft:glass_pane":2,"ars_nouveau:archwood_trapdoor":2,"easy_villagers:breeder":1,"minecraft:oak_sign":1,"minecraft:shield":19,"minecraft:iron_sword":63,"minecraft:nether_wart":6,"minecraft:bell":2,"minecraft:player_head":4,"minecraft:nether_bricks":34,"byg:embur_planks":137,"minecraft:carrot":92,"minecraft:obsidian":71,"minecraft:cyan_terracotta":33,"minecraft:lantern":2,"minecraft:stone_bricks":467,"minecraft:birch_trapdoor":3,"ironchest:obsidian_chest":1,"byg:dacite_cobblestone":1,"minecraft:gold_block":1,"minecraft:polished_blackstone_stairs":9,"bygonenether:cobbled_blackstone":12,"dummmmmmy:target_dummy":1,"minecraft:chiseled_polished_blackstone":4,"relics:researching_table":1,"minecraft:stone_pickaxe":3686,"minecraft:dark_oak_sign":1,"minecraft:oak_planks":9,"minecraft:white_wool":4,"minecraft:yellow_terracotta":9,"ars_nouveau:archwood_planks":136,"minecraft:crossbow":244,"minecraft:blackstone_wall":3,"minecraft:shears":2,"minecraft:redstone_torch":1,"waystones:waystone":1,"farmersdelight:ratatouille":16,"easy_villagers:villager":12,"minecraft:iron_door":3,"minecraft:gravel":10,"forbidden_arcanus:splash_aureal_bottle":1,"minecraft:andesite":32,"deeperdarker:gloomslate_gold_ore":1,"minecraft:bone_meal":43,"minecraft:golden_pickaxe":86,"minecraft:cobweb":6,"minecraft:experience_bottle":3,"farmersdelight:diamond_knife":1325,"minecraft:flint_and_steel":30,"woodworks:oak_chest":3,"minecraft:spruce_planks":2,"minecraft:dirt":10,"minecraft:red_nether_brick_slab":1,"minecraft:hopper":11,"byg:embur_pedu":3,"apotheosis:ender_lead":6,"minecraft:dark_oak_planks":1,"byg:embur_crafting_table":24,"minecraft:bookshelf":17,"minecraft:polished_blackstone_brick_stairs":4,"simplyswords:diamond_greathammer":717,"minecraft:crimson_planks":59,"byg:blue_netherrack":5,"minecraft:golden_carrot":44,"minecraft:soul_soil":39,"ironchest:gold_chest":6,"minecraft:netherite_pickaxe":6236,"easy_villagers:incubator":1,"bygonenether:withered_debris":1,"minecraft:cobblestone_stairs":1,"minecraft:glass_bottle":9,"minecraft:polished_andesite":1,"minecraft:red_nether_bricks":2,"minecraft:chiseled_nether_bricks":1,"minecraft:dark_prismarine_slab":2,"minecraft:nether_gold_ore":6,"farmersdelight:bacon_and_eggs":20,"supplementaries:cage":4,"waystones:mossy_waystone":1,"minecraft:cracked_nether_bricks":8,"byg:soapstone":8,"minecraft:stone_axe":19,"minecraft:bucket":65,"minecraft:yellow_bed":2,"minecraft:sculk_catalyst":2,"minecraft:smooth_stone":2,"minecraft:chainmail_leggings":1},"minecraft:killed":{"enemyexpansion:equestrian":4,"minecraft:skeleton":4,"alexsmobs:leafcutter_ant":1,"majruszsdifficulty:creeperling":1,"irons_spellbooks:archevoker":1,"minecraft:magma_cube":9,"ars_nouveau:dummy":6,"minecraft:pillager":53,"enemyexpansion:meature":1,"irons_spellbooks:summoned_vex":3,"minecraft:zombie":57,"enemyexpansion:botfly":39,"whisperwoods:moth":1,"minecraft:cow":1,"mowziesmobs:naga":2,"bygonenether:wraither":2,"minecraft:husk":4,"humancompanions:axeguard":1,"majruszsdifficulty:cursed_armor":5,"minecraft:zombified_piglin":18,"minecraft:spider":25,"aquamirae:tortured_soul":1,"savage_and_ravage:griefer":1,"whisperwoods:wisp":4,"minecraft:silverfish":30,"minecraft:piglin_brute":12,"minecraft:piglin":2,"minecraft:pig":3,"enemyexpansion:ladybug":1,"minecraft:creeper":2,"alexsmobs:crimson_mosquito":4,"minecraft:sheep":3,"minecraft:ghast":1,"undead_unleashed:haunter":4,"minecraft:blaze":26,"minecraft:vex":2,"irons_spellbooks:summoned_zombie":4,"enemyexpansion:direwolf":1,"minecraft:phantom":6,"vinery:mule":3,"enemyexpansion:goblin":3,"alexsmobs:flying_fish":1,"vinery:wandering_winemaker":2,"mutantmonsters:mutant_zombie":1,"minecraft:wither_skeleton":17,"bygonenether:wex":1},"minecraft:custom":{"minecraft:interact_with_crafting_table":199,"minecraft:open_barrel":23,"goblintraders:trade_with_goblin":3,"minecraft:bell_ring":131,"minecraft:eat_cake_slice":13,"minecraft:leave_game":16,"minecraft:time_since_death":42107,"minecraft:damage_blocked_by_shield":2175,"minecraft:play_time":1528021,"minecraft:deaths":20,"minecraft:jump":14361,"minecraft:enchant_item":66,"minecraft:interact_with_furnace":60,"minecraft:traded_with_villager":3,"minecraft:sleep_in_bed":21,"minecraft:waystone_activated":5,"minecraft:damage_dealt":184478,"minecraft:interact_with_smoker":1,"minecraft:interact_with_smithing_table":8,"minecraft:interact_with_anvil":25,"minecraft:inspect_hopper":16,"minecraft:damage_dealt_absorbed":3882,"minecraft:sneak_time":125835,"minecraft:interact_with_lectern":2,"minecraft:interact_with_blast_furnace":16,"minecraft:total_world_time":1528021,"enigmaticlegacy:play_time_without_seven_curses":1527006,"minecraft:interact_with_stonecutter":1,"minecraft:time_since_rest":11885,"minecraft:use_wand":110,"minecraft:swim_one_cm":6029,"minecraft:fly_one_cm":2367333,"minecraft:open_chest":1057,"minecraft:fall_one_cm":465713,"enigmaticlegacy:play_time_with_seven_curses":0,"lootr:looted_stat":171,"minecraft:damage_resisted":2652,"minecraft:sprint_one_cm":3256453,"minecraft:drop":1227,"minecraft:play_noteblock":1,"minecraft:talked_to_villager":37,"minecraft:interact_with_brewingstand":24,"minecraft:walk_on_water_one_cm":21430,"minecraft:player_kills":1,"minecraft:crouch_one_cm":382123,"minecraft:mob_kills":407,"minecraft:damage_dealt_resisted":517,"minecraft:climb_one_cm":49758,"minecraft:walk_one_cm":3461161,"minecraft:walk_under_water_one_cm":14582,"minecraft:boat_one_cm":1298,"minecraft:raid_trigger":1,"minecraft:interact_with_grindstone":1,"minecraft:damage_taken":29870,"minecraft:damage_absorbed":819},"minecraft:crafted":{"minecraft:blaze_powder":6,"minecraft:birch_slab":60,"minecraft:iron_bars":80,"minecraft:glass":52,"minecraft:glass_bottle":9,"minecraft:emerald":11,"cisco_mod:brightsteel_ingot":27,"cisco_mod:raw_brightsteel":27,"minecraft:iron_pickaxe":6,"minecraft:gold_ingot":213,"minecraft:golden_carrot":51,"ars_nouveau:archwood_trapdoor":2,"easy_villagers:iron_farm":1,"minecraft:bone_meal":24,"minecraft:stone_pickaxe":34,"minecraft:dark_oak_planks":20,"ironchest:gold_chest":2,"minecraft:netherite_pickaxe":1,"byg:embur_gel_block":1,"minecraft:glowstone":50,"minecraft:enchanted_book":3,"minecraft:fermented_spider_eye":7,"atmospheric:aspen_planks":20,"minecraft:oak_planks":124,"minecraft:barrel":3,"byg:embur_slab":12,"ars_nouveau:archwood_planks":380,"minecraft:hopper":7,"minecraft:chest":3,"minecraft:stone_bricks":464,"byg:embur_planks":236,"minecraft:oak_slab":30,"minecraft:red_wool":11,"minecraft:spectral_arrow":30,"minecraft:stick":84,"minecraft:iron_ingot":118,"minecraft:nether_wart":6,"minecraft:coal":99,"minecraft:raw_iron":36,"ars_nouveau:archwood_slab":126,"minecraft:glass_pane":112,"minecraft:netherite_scrap":6,"minecraft:birch_sign":6,"minecraft:sugar":9,"minecraft:red_dye":23,"minecraft:crimson_planks":60,"minecraft:bucket":7,"minecraft:air":0,"woodworks:oak_chest":15,"minecraft:white_wool":12,"minecraft:gold_nugget":567,"minecraft:lapis_lazuli":99,"ironchest:iron_chest":2},"minecraft:picked_up":{"minecraft:anvil":2,"minecraft:diamond_sword":2,"minecraft:smithing_table":1,"minecraft:lead":3,"minecraft:oak_stairs":3,"minecraft:enchanted_book":8,"minecraft:golden_shovel":1,"apotheosis:epic_material":3,"minecraft:brewing_stand":2,"minecraft:golden_sword":6,"forbidden_arcanus:xpetrified_orb":1,"minecraft:polished_blackstone_brick_stairs":42,"minecraft:string":100,"minecraft:soul_soil":337,"minecraft:red_nether_bricks":6,"atmospheric:aspen_log":5,"woodworks:oak_chest":2,"atmospheric:passion_vine":1,"byg:mossy_stone":1,"minecraft:gold_nugget":759,"minecraft:cobbled_deepslate":52,"bosses_of_mass_destruction:soul_star":2,"minecraft:black_glazed_terracotta":150,"minecraft:spruce_planks":2,"byg:embur_wart":5,"byg:embur_crafting_table":16,"minecraft:coal_block":20,"minecraft:dark_oak_door":2,"minecraft:golden_helmet":5,"minecraft:polished_blackstone_brick_slab":7,"minecraft:crimson_pressure_plate":1,"minecraft:polished_blackstone_stairs":18,"easy_villagers:iron_farm":3,"minecraft:golden_axe":2,"majruszsaccessories:tamed_potato_beetle":1,"enigmaticlegacy:withered_tome":5,"alexsmobs:tendon_whip":1,"minecraft:green_terracotta":18,"minecraft:cauldron":1,"minecraft:chiseled_nether_bricks":3,"easy_villagers:villager":1,"minecraft:stone_sword":3,"quark:clear_shard":4,"minecraft:blackstone_wall":7,"minecraft:polished_basalt":3,"minecraft:iron_block":16,"minecraft:cyan_terracotta":76,"minecraft:bookshelf":20,"minecraft:end_rod":11,"supplementaries:ash":23,"minecraft:blaze_rod":11,"minecraft:blackstone_stairs":5,"minecraft:iron_bars":10,"alexsmobs:flying_fish":1,"majruszsaccessories:tool_scraps":4,"minecraft:magma_block":21,"minecraft:cooked_beef":2,"minecraft:iron_door":2,"minecraft:birch_slab":55,"minecraft:copper_block":8,"dummmmmmy:target_dummy":1,"byg:embur_gel_branch":37,"minecraft:flint":1,"relics:jellyfish_necklace":4,"byg:emeraldite_shards":19,"minecraft:gray_concrete":8,"lootr:trophy":1,"minecraft:lantern":3,"minecraft:chipped_anvil":2,"majruszsaccessories:onyx":1,"minecraft:dark_oak_sign":2,"minecraft:glowstone_dust":349,"galosphere:raw_silver":7,"minecraft:chiseled_polished_blackstone":5,"minecraft:gray_glazed_terracotta":19,"minecraft:lime_terracotta":20,"sophisticatedbackpacks:iron_backpack":2,"minecraft:dark_oak_log":1,"minecraft:barrel":4,"minecraft:granite":4,"minecraft:dark_oak_fence":7,"byg:embur_planks":7,"minecraft:crafting_table":2,"minecraft:nether_wart":9,"minecraft:leather_leggings":6,"enigmaticlegacy:tattered_tome":2,"byg:wood_blewit":2,"ars_nouveau:archwood_slab":15,"minecraft:cornflower":2,"minecraft:red_bed":1,"ringsofascension:ring_fire_resistance":2,"minecraft:netherite_scrap":1,"minecraft:white_carpet":10,"minecraft:iron_shovel":1,"minecraft:polished_blackstone_wall":11,"minecraft:cracked_stone_bricks":1,"minecraft:respawn_anchor":1,"byg:pink_allium_flower_bush":3,"minecraft:iron_nugget":18,"minecraft:poppy":5,"minecraft:spruce_slab":5,"minecraft:minecart":1,"minecraft:chest":1,"relics:magma_walker":2,"minecraft:stone":309,"relics:rage_glove":1,"ironchest:iron_chest":1,"minecraft:fire_charge":7,"minecraft:carrot":231,"minecraft:redstone":1,"minecraft:netherite_pickaxe":2,"minecraft:tnt":5,"irons_spellbooks:evocation_rune":2,"minecraft:stone_shovel":1,"minecraft:peony":7,"celestisynth:solar_crystal":10,"minecraft:hay_block":23,"minecraft:yellow_terracotta":29,"byg:blue_netherrack":106,"minecraft:gold_ingot":152,"sophisticatedbackpacks:copper_backpack":1,"minecraft:polished_blackstone":37,"minecraft:white_wool":4,"minecraft:oxeye_daisy":1,"ars_nouveau:mage_block":55,"minecraft:tripwire_hook":1,"minecraft:red_mushroom":13,"minecraft:oak_log":5,"minecraft:ancient_debris":2,"iter_rpg:magmanum_chunk":9,"minecraft:golden_boots":2,"byg:dacite_cobblestone":2,"minecraft:stone_bricks":45,"minecraft:stone_pickaxe":3,"minecraft:cobweb":14,"apotheosis:gem_dust":5,"minecraft:gray_bed":1,"minecraft:dark_oak_stairs":1,"minecraft:smooth_basalt":25,"enemyexpansion:phantom_eye":2,"minecraft:dark_oak_slab":2,"minecraft:cracked_nether_bricks":19,"minecraft:gravel":79,"minecraft:crying_obsidian":13,"minecraft:firework_rocket":2,"minecraft:stone_axe":1,"minecraft:birch_sign":12,"minecraft:polished_blackstone_brick_wall":8,"minecraft:red_nether_brick_slab":3,"minecraft:stripped_dark_oak_log":65,"minecraft:smooth_quartz_slab":1,"immersive_armors:wooden_boots":1,"minecraft:ender_pearl":13,"irons_spellbooks:scroll":2,"ars_nouveau:caster_tome":2,"minecraft:nether_brick_fence":19,"minecraft:potion":9,"minecraft:gilded_blackstone":10,"minecraft:nether_brick":53,"minecraft:stone_brick_stairs":2,"minecraft:raw_copper":14,"irons_spellbooks:heavy_chain_necklace":1,"minecraft:iron_leggings":2,"minecraft:armor_stand":5,"minecraft:experience_bottle":7,"minecraft:oak_sign":1,"immersive_armors:divine_chestplate":1,"irons_spellbooks:arcane_essence":14,"minecraft:smooth_stone":1,"minecraft:bucket":2,"twigs:pebble":37,"minecraft:light_weighted_pressure_plate":1,"minecraft:redstone_torch":2,"minecraft:cobblestone_slab":2,"minecraft:iron_pickaxe":3,"minecraft:iron_boots":3,"minecraft:tipped_arrow":4,"minecraft:stick":18,"apotheosis:gem":29,"minecraft:birch_trapdoor":1,"minecraft:oak_fence":1,"blue_skies:maple_planks":7,"minecraft:torch":16,"twigs:silt_ball":16,"quark:yellow_corundum_cluster":1,"twigs:bamboo_leaves":3,"minecraft:porkchop":13,"mutantmonsters:hulk_hammer":1,"minecraft:rotten_flesh":109,"byg:embur_gel_ball":18,"minecraft:obsidian":103,"minecraft:cobblestone":879,"minecraft:leather_chestplate":2,"minecraft:andesite":100,"delightful:animal_fat":11,"minecraft:orange_carpet":2,"minecraft:golden_leggings":1,"minecraft:potato":5,"minecraft:tuff":40,"minecraft:wither_skeleton_skull":6,"minecraft:dirt":69,"minecraft:stripped_birch_log":7,"constructionwand:iron_wand":1,"minecraft:leather_boots":2,"minecraft:glass":2,"minecraft:bone":40,"majruszsaccessories:miner_guide":1,"minecraft:wheat_seeds":43,"easy_villagers:trader":1,"minecraft:bell":1,"minecraft:mossy_stone_bricks":4,"minecraft:bamboo":7,"minecraft:oak_planks":75,"minecraft:cooked_porkchop":4,"irons_spellbooks:frozen_bone":5,"byg:pollen_dust":6,"minecraft:polished_blackstone_slab":5,"minecraft:sand":64,"minecraft:nether_brick_stairs":2,"minecraft:spectral_arrow":47,"sons_of_sins:flesh_of_demise":1,"minecraft:mossy_cobblestone":18,"irons_spellbooks:blaze_spell_book":1,"majruszsaccessories:owl_feather":2,"minecraft:slime_block":27,"minecraft:polished_blackstone_pressure_plate":1,"minecraft:soul_lantern":2,"minecraft:crossbow":4,"minecraft:emerald":26,"minecraft:netherrack":4963,"cisco_mod:brightsteel_ingot":4,"relics:space_dissector":2,"iter_rpg:spawner_fragment":4,"byg:soapstone":24,"minecraft:azure_bluet":3,"minecraft:ladder":1,"minecraft:brown_mushroom":16,"minecraft:turtle_helmet":1,"nethersdelight:propelpearl":12,"byg:tall_pink_allium":13,"transmog:transmogrification_table":1,"bygonenether:withered_debris":3,"quark:orange_shard":4,"minecraft:gold_block":111,"minecraft:chain":2,"minecraft:shield":4,"ars_nouveau:archwood_planks":116,"minecraft:wooden_sword":3,"quark:yellow_shard":9,"takesapillage:ravager_horn":1,"minecraft:blackstone":89,"farmersdelight:straw":8,"irons_spellbooks:epic_ink":2,"minecraft:player_head":10,"supplementaries:cage":1,"minecraft:sugar_cane":17,"minecraft:spruce_trapdoor":2,"minecraft:phantom_membrane":4,"minecraft:raw_iron":1,"bygonenether:cobbled_blackstone":350,"minecraft:copper_ingot":46,"minecraft:bowl":12,"minecraft:polished_blackstone_bricks":40,"minecraft:dark_oak_planks":3,"minecraft:arrow":101,"majruszsaccessories:lucky_rock":8,"minecraft:nether_bricks":112,"minecraft:saddle":1,"relics:reflection_necklace":2,"minecraft:nether_brick_wall":3,"forbidden_arcanus:spawner_scrap":6,"minecraft:skeleton_skull":2,"minecraft:basalt":1685,"minecraft:golden_carrot":1,"minecraft:crimson_stem":19,"minecraft:leather":9,"minecraft:birch_planks":138,"savage_and_ravage:creeper_spores":1,"minecraft:chainmail_chestplate":2,"minecraft:yellow_glazed_terracotta":62,"minecraft:yellow_bed":2,"minecraft:gunpowder":2,"minecraft:cobblestone_stairs":1,"irons_spellbooks:rare_ink":3,"easy_villagers:converter":3,"minecraft:red_carpet":34,"byg:scoria_cobblestone":3297,"minecraft:red_nether_brick_stairs":11,"byg:allium_flower_bush":1,"minecraft:iron_ingot":5,"bygonenether:withered_coal_block":2,"minecraft:polished_andesite_slab":2,"iter_rpg:deepslate_geode":1,"minecraft:soul_sand":132,"minecraft:book":24,"minecraft:scaffolding":1,"minecraft:oak_slab":36,"bakery:strawberry":1,"minecraft:quartz":32,"minecraft:dandelion":16,"waystones:mossy_waystone":1,"minecraft:raw_iron_block":4,"minecraft:amethyst_shard":3,"undead_unleashed:grave_metal_scrap":8,"minecraft:blast_furnace":4,"minecraft:white_bed":5,"minecraft:nether_brick_slab":4,"minecraft:spider_eye":7,"byg:embur_pedu":101,"ars_nouveau:archwood_trapdoor":2,"xpbook:xp_tome":5,"byg:tall_allium":10,"immersive_armors:wooden_chestplate":1,"minecraft:iron_helmet":5,"minecraft:coal":34,"minecraft:sunflower":4},"minecraft:dropped":{"byg:biomepedia":1,"minecraft:porkchop":1,"minecraft:crafting_table":1,"minecraft:cooked_porkchop":9,"minecraft:dark_oak_slab":2,"byg:embur_slab":4,"minecraft:crossbow":3,"minecraft:cracked_stone_bricks":1,"minecraft:saddle":2,"xpbook:xp_tome":7,"undead_unleashed:grave_metal_scrap":4,"minecraft:blackstone_stairs":5,"minecraft:red_carpet":8,"minecraft:red_mushroom":1,"nethersdelight:propelpearl":12,"twigs:pebble":37,"minecraft:dirt":64,"minecraft:gray_concrete":2,"constructionwand:iron_wand":2,"alexsmobs:flying_fish":1,"iter_rpg:deepslate_geode":1,"atmospheric:shimmering_passion_fruit":1,"irons_spellbooks:epic_ink":1,"irons_spellbooks:arcane_essence":11,"minecraft:chain":2,"minecraft:gold_nugget":63,"minecraft:wooden_sword":4,"minecraft:sunflower":4,"minecraft:phantom_membrane":2,"minecraft:iron_pickaxe":7,"byg:embur_gel_ball":4,"minecraft:dark_oak_planks":2,"minecraft:white_wool":2,"quark:ancient_tome":1,"minecraft:bone":4,"minecraft:polished_blackstone_wall":10,"minecraft:dark_oak_door":2,"minecraft:stone_axe":1,"ringsofascension:ring_fire_resistance":4,"minecraft:goat_horn":1,"mutantmonsters:hulk_hammer":1,"minecraft:polished_andesite_slab":4,"minecraft:golden_chestplate":2,"alexsmobs:animal_dictionary":1,"minecraft:cobbled_deepslate":21,"minecraft:nether_brick":59,"minecraft:wheat":7,"immersive_armors:wooden_boots":2,"minecraft:obsidian":25,"minecraft:stripped_dark_oak_log":65,"dreadsteel:dreadsteel_scythe":1,"minecraft:rotten_flesh":3,"minecraft:oak_planks":5,"minecraft:glowstone_dust":21,"minecraft:blaze_powder":1,"minecraft:golden_shovel":2,"minecraft:nether_brick_fence":13,"minecraft:azure_bluet":3,"minecraft:white_bed":3,"minecraft:black_glazed_terracotta":128,"irons_spellbooks:heavy_chain_necklace":2,"cisco_mod:brightsteel_ingot":6,"apotheosis:gem":3,"minecraft:leather_boots":1,"farmersdelight:bacon_and_eggs":5,"minecraft:leather_leggings":6,"minecraft:red_nether_bricks":2,"minecraft:glass":2,"minecraft:stone_brick_stairs":2,"majruszsaccessories:lucky_rock":4,"farmersdelight:tomato_seeds":10,"minecraft:enchanted_book":32,"minecraft:crimson_planks":1,"minecraft:golden_boots":2,"minecraft:iron_ingot":1,"minecraft:netherite_pickaxe":2,"minecraft:chiseled_nether_bricks":2,"minecraft:wheat_seeds":34,"minecraft:polished_blackstone":9,"minecraft:golden_horse_armor":2,"minecraft:yellow_terracotta":14,"minecraft:oak_fence":9,"minecraft:iron_helmet":3,"minecraft:cobblestone":481,"minecraft:book":2,"minecraft:granite":8,"minecraft:purple_dye":1,"byg:emeraldite_shards":3,"minecraft:coal":4,"minecraft:golden_apple":10,"minecraft:polished_blackstone_stairs":9,"minecraft:polished_andesite":2,"bygonenether:cobbled_blackstone":315,"byg:pollen_dust":6,"minecraft:oxeye_daisy":1,"minecraft:cobweb":18,"byg:pink_allium_flower_bush":2,"minecraft:golden_carrot":10,"twigs:silt_ball":16,"irons_spellbooks:evocation_rune":1,"minecraft:blackstone_wall":2,"minecraft:gray_bed":1,"minecraft:potion":17,"minecraft:oak_stairs":3,"minecraft:smooth_stone":1,"minecraft:string":23,"ars_nouveau:caster_tome":2,"enigmaticlegacy:withered_tome":5,"cisco_mod:adventurer_boots":1,"minecraft:soul_soil":74,"minecraft:green_terracotta":15,"minecraft:player_head":7,"ars_nouveau:source_berry":3,"minecraft:stone_sword":4,"majruszsaccessories:owl_feather":2,"minecraft:bowl":32,"minecraft:white_carpet":10,"majruszsaccessories:miner_guide":1,"minecraft:iron_boots":2,"quark:yellow_corundum_cluster":1,"farmersdelight:straw":8,"minecraft:name_tag":1,"byg:dacite":2,"minecraft:nether_bricks":48,"byg:blue_netherrack":78,"minecraft:diamond_sword":2,"minecraft:cobblestone_slab":2,"minecraft:potato":5,"bygonenether:withered_debris":1,"minecraft:stone":273,"minecraft:peony":7,"minecraft:spruce_trapdoor":1,"minecraft:redstone_torch":5,"easy_villagers:villager":2,"minecraft:stone_bricks":25,"byg:tall_pink_allium":12,"minecraft:bow":3,"waystones:waystone":1,"delightful:animal_fat":11,"ars_nouveau:mage_block":120,"byg:dacite_cobblestone":1,"minecraft:magma_block":14,"minecraft:dark_prismarine":7,"minecraft:nether_brick_stairs":2,"cisco_mod:adventurer_helmet":1,"minecraft:soul_sand":68,"minecraft:birch_planks":1,"minecraft:brown_mushroom":2,"minecraft:dark_oak_stairs":1,"minecraft:red_nether_brick_slab":2,"minecraft:lime_terracotta":14,"bakery:strawberry":1,"minecraft:lantern":2,"minecraft:iron_horse_armor":2,"cisco_mod:adventurer_leggings":1,"minecraft:polished_blackstone_brick_wall":8,"minecraft:flint":1,"minecraft:cyan_terracotta":62,"minecraft:dark_oak_log":1,"minecraft:orange_carpet":2,"minecraft:polished_blackstone_pressure_plate":1,"minecraft:polished_blackstone_brick_stairs":30,"minecraft:cornflower":2,"byg:embur_gel_branch":34,"transmog:transmogrification_table":1,"minecraft:gilded_blackstone":6,"minecraft:amethyst_shard":1,"minecraft:polished_blackstone_bricks":9,"immersive_armors:wooden_chestplate":1,"byg:scoria_cobblestone":2892,"minecraft:gold_ingot":219,"minecraft:armor_stand":4,"minecraft:gravel":69,"byg:embur_pedu":6,"minecraft:chiseled_polished_blackstone":1,"minecraft:blackstone":81,"enigmaticlegacy:tattered_tome":2,"patchouli:guide_book":3,"minecraft:chainmail_chestplate":2,"apotheosis:ender_lead":1,"minecraft:leather_chestplate":1,"supplementaries:ash":4,"minecraft:iron_bars":2,"minecraft:arrow":20,"minecraft:basalt":995,"byg:mossy_stone":6,"minecraft:cracked_nether_bricks":9,"minecraft:scaffolding":1,"minecraft:netherrack":4669,"minecraft:firework_rocket":2,"minecraft:crimson_pressure_plate":1,"minecraft:oak_slab":8,"minecraft:golden_helmet":6,"byg:embur_crafting_table":1,"minecraft:golden_axe":3,"minecraft:nether_brick_wall":2,"apotheosis:epic_material":3,"minecraft:stick":27,"minecraft:iron_block":1,"ars_nouveau:worn_notebook":1,"quark:clear_shard":2,"minecraft:nether_gold_ore":3,"minecraft:torch":19,"byg:soapstone":16,"minecraft:white_concrete":8,"minecraft:iron_door":5,"forbidden_arcanus:spawner_scrap":1,"deeperdarker:gloomslate_gold_ore":3,"minecraft:iron_leggings":2,"minecraft:smooth_quartz_slab":1,"minecraft:polished_blackstone_brick_slab":7,"minecraft:polished_basalt":3,"waystones:mossy_waystone":1,"quark:yellow_shard":6,"minecraft:bucket":3,"byg:blue_nether_gold_ore":7,"minecraft:tripwire_hook":1,"minecraft:redstone":37,"minecraft:dandelion":16,"minecraft:dark_prismarine_stairs":11,"minecraft:gray_glazed_terracotta":1,"blue_skies:maple_planks":1,"minecraft:tuff":40,"majruszsaccessories:tool_scraps":3,"farmersdelight:cabbage_seeds":3,"byg:tall_allium":8,"quark:orange_shard":2,"minecraft:red_nether_brick_stairs":10,"minecraft:shield":5,"minecraft:diamond_chestplate":1,"byg:embur_planks":17,"minecraft:andesite":94,"minecraft:mossy_stone_bricks":4,"minecraft:golden_leggings":2,"minecraft:golden_sword":7,"minecraft:stone_pickaxe":9,"minecraft:wooden_pickaxe":1,"sophisticatedbackpacks:iron_backpack":1},"minecraft:mined":{"minecraft:dark_oak_planks":1,"minecraft:red_nether_brick_slab":3,"minecraft:dark_prismarine_stairs":11,"minecraft:blackstone_stairs":5,"minecraft:white_bed":2,"byg:green_mushroom_block":1,"minecraft:red_nether_bricks":74,"minecraft:obsidian":70,"minecraft:granite":6,"minecraft:chiseled_polished_blackstone":6,"minecraft:coal_block":29,"minecraft:diorite_stairs":1,"minecraft:oxeye_daisy":1,"minecraft:oak_wall_sign":1,"minecraft:hopper":6,"byg:wood_blewit_mushroom_block":13,"minecraft:nether_wart":7,"minecraft:red_stained_glass_pane":2,"minecraft:chiseled_stone_bricks":1,"minecraft:spawner":6,"blue_skies:maple_planks":7,"minecraft:polished_blackstone_bricks":43,"minecraft:tall_seagrass":3,"minecraft:magma_block":17,"minecraft:barrel":4,"minecraft:cobbled_deepslate":15,"minecraft:fire":48,"ironchest:gold_chest":1,"byg:embur_crafting_table":16,"minecraft:nether_brick_stairs":9,"ars_nouveau:archwood_slab":13,"bakery:strawberry_taiga":2,"minecraft:water_cauldron":1,"minecraft:oak_stairs":1,"minecraft:iron_block":17,"minecraft:player_head":1,"byg:pollen_block":3,"byg:dacite":2,"bygonenether:withered_coal_block":2,"minecraft:brown_mushroom":15,"minecraft:red_bed":1,"minecraft:player_wall_head":2,"minecraft:soul_fire":12,"minecraft:torch":7,"byg:embur_wart":5,"minecraft:blast_furnace":4,"minecraft:white_stained_glass_pane":2,"minecraft:nether_brick_slab":11,"galosphere:silver_ore":5,"minecraft:glass":1,"minecraft:smooth_quartz_slab":1,"minecraft:sugar_cane":4,"byg:embur_planks":5,"minecraft:skeleton_skull":2,"minecraft:chain":1,"byg:soapstone":8,"minecraft:yellow_glazed_terracotta":71,"minecraft:stone_brick_stairs":3,"minecraft:copper_block":8,"minecraft:grass":294,"minecraft:smooth_basalt":7,"twigs:rhyolite":7,"minecraft:red_mushroom_block":11,"minecraft:yellow_stained_glass":2,"minecraft:deepslate":29,"minecraft:yellow_terracotta":43,"minecraft:dark_prismarine":8,"minecraft:mossy_cobblestone":23,"minecraft:nether_brick_wall":3,"minecraft:stripped_birch_log":7,"minecraft:nether_bricks":202,"minecraft:dark_oak_fence":7,"minecraft:red_mushroom":20,"byg:brown_mushroom_stem":2,"minecraft:green_terracotta":21,"minecraft:andesite":173,"minecraft:potatoes":1,"minecraft:cobblestone_slab":2,"minecraft:respawn_anchor":1,"minecraft:bamboo":2,"minecraft:white_wool":5,"atmospheric:aspen_log":5,"minecraft:smithing_table":1,"minecraft:oak_slab":35,"minecraft:gray_concrete":6,"minecraft:glass_pane":2,"minecraft:chiseled_nether_bricks":6,"minecraft:soul_sand":130,"minecraft:potted_lily_of_the_valley":1,"galosphere:deepslate_silver_ore":2,"minecraft:polished_blackstone_brick_wall":12,"minecraft:dandelion":14,"minecraft:cornflower":2,"minecraft:tall_grass":29,"minecraft:copper_ore":13,"byg:scoria_stone":3465,"minecraft:dark_oak_wall_sign":1,"byg:dacite_cobblestone":2,"bygonenether:withered_debris":2,"minecraft:birch_leaves":2,"minecraft:dark_prismarine_slab":2,"ars_nouveau:mage_block":451,"byg:embur_gel_block":51,"minecraft:sunflower":6,"minecraft:gravel":90,"minecraft:cobweb":64,"minecraft:birch_sign":1,"minecraft:polished_blackstone":71,"minecraft:stone_bricks":196,"byg:tall_allium":16,"atmospheric:golden_growths":2,"minecraft:orange_wall_banner":1,"minecraft:chipped_anvil":2,"minecraft:spruce_planks":4,"minecraft:stone_pressure_plate":4,"minecraft:cobblestone_stairs":1,"minecraft:orange_stained_glass":2,"minecraft:brewing_stand":2,"minecraft:spruce_trapdoor":1,"minecraft:grass_block":89,"minecraft:infested_cobblestone":1,"minecraft:cracked_polished_blackstone_bricks":1,"minecraft:white_concrete":17,"minecraft:soul_soil":596,"minecraft:polished_blackstone_brick_slab":7,"minecraft:polished_blackstone_pressure_plate":1,"minecraft:gilded_blackstone":10,"minecraft:smooth_stone":3,"minecraft:raw_iron_block":5,"iter_rpg:netherrack_geodite":1,"minecraft:sculk_catalyst":1,"minecraft:glowstone":172,"minecraft:red_nether_brick_stairs":16,"minecraft:iron_ore":6,"minecraft:target":1,"minecraft:anvil":2,"twigs:silt":3,"minecraft:azure_bluet":3,"minecraft:iron_bars":17,"minecraft:birch_wall_sign":4,"minecraft:potted_cornflower":1,"minecraft:spruce_slab":5,"minecraft:polished_blackstone_wall":5,"minecraft:cyan_terracotta":56,"minecraft:blackstone":445,"minecraft:soul_lantern":2,"minecraft:mossy_cobblestone_wall":1,"minecraft:poppy":5,"minecraft:chest":1,"minecraft:mushroom_stem":12,"minecraft:nether_quartz_ore":19,"minecraft:cobblestone":26,"minecraft:slime_block":28,"minecraft:oak_planks":65,"minecraft:iron_door":6,"minecraft:wall_torch":4,"minecraft:light_weighted_pressure_plate":1,"minecraft:dark_oak_slab":1,"ars_nouveau:archwood_planks":114,"bygonenether:cobbled_blackstone":3,"minecraft:blue_ice":1,"minecraft:birch_trapdoor":1,"byg:overgrown_stone":4,"minecraft:tnt":3,"celestisynth:solar_crystal":14,"minecraft:oak_log":5,"minecraft:diorite_wall":1,"minecraft:sand":69,"minecraft:dirt":108,"easy_villagers:converter":5,"minecraft:lime_terracotta":20,"structure_gel:dynamic_spawner":2,"minecraft:wither_skeleton_skull":1,"minecraft:ancient_debris":2,"minecraft:netherrack":3958,"minecraft:oak_leaves":11,"minecraft:emerald_block":2,"minecraft:nether_gold_ore":218,"minecraft:tuff":20,"byg:scoria_cobblestone":23,"minecraft:blackstone_wall":9,"minecraft:red_stained_glass":1,"minecraft:gray_glazed_terracotta":2,"byg:pink_allium_flower_bush":7,"minecraft:ladder":3,"minecraft:brown_mushroom_block":44,"iter_rpg:magmanum_ore":8,"minecraft:polished_andesite_slab":2,"minecraft:birch_slab":57,"minecraft:infested_chiseled_stone_bricks":1,"minecraft:cracked_nether_bricks":24,"minecraft:crimson_stem":19,"minecraft:hay_block":23,"byg:blue_netherrack":95,"easy_villagers:iron_farm":12,"minecraft:carrots":60,"iter_rpg:small_vase":1,"minecraft:black_glazed_terracotta":206,"minecraft:polished_basalt":7,"minecraft:nether_sprouts":1,"byg:allium_flower_bush":11,"minecraft:peony":6,"minecraft:gold_block":99,"minecraft:bell":1,"minecraft:nether_brick_fence":16,"minecraft:bookshelf":8,"easy_villagers:trader":9,"minecraft:lantern":2,"minecraft:stone":2441,"byg:emeraldite_ore":19,"minecraft:redstone_wall_torch":1,"minecraft:scaffolding":1,"minecraft:basalt":1548,"minecraft:stripped_dark_oak_log":64,"ars_nouveau:archwood_trapdoor":2,"minecraft:crafting_table":2,"minecraft:stone_slab":1,"woodworks:oak_chest":2,"minecraft:polished_blackstone_brick_stairs":33,"supplementaries:cage":1,"minecraft:birch_planks":137,"forbidden_arcanus:xpetrified_ore":1,"minecraft:polished_blackstone_slab":5,"minecraft:polished_blackstone_stairs":28,"minecraft:ice":6,"minecraft:yellow_bed":3,"minecraft:coal_ore":31,"minecraft:end_rod":11,"byg:tall_pink_allium":15,"byg:embur_pedu":101,"minecraft:cracked_stone_bricks":3,"minecraft:polished_andesite":23,"minecraft:mossy_stone_bricks":7}},"DataVersion":3120}