{"stats":{"minecraft:broken":{"constructionwand:diamond_wand":1,"minecraft:wooden_shovel":2,"simplyswords:diamond_rapier":1,"undead_unleashed:grave_metal_sword":1,"aether:iron_gloves":1,"minecraft:wooden_pickaxe":1,"minecraft:iron_axe":1,"minecraft:iron_pickaxe":8,"minecraft:iron_shovel":1,"undead_unleashed:grave_metal_axe":1,"minecraft:stone_pickaxe":83,"cisco_mod:adventurer_helmet":1},"minecraft:killed_by":{"minecraft:pillager":2,"minecraft:ravager":2,"undead_unleashed:shadewraith":1,"minecraft:vindicator":5,"irons_spellbooks:citadel_keeper":3,"minecraft:zombie":13,"majruszsdifficulty:cursed_armor":1,"minecraft:husk":3,"iter_rpg:water_elemental":2,"minecraft:zombified_piglin":4,"minecraft:drowned":2,"undead_unleashed:haunter":1,"royalvariations:royal_zombie":1,"minecraft:player":2,"minecraft:enderman":13,"whisperwoods:zotzpyre":6,"enemyexpansion:equestrian":135,"irons_spellbooks:necromancer":1,"minecraft:skeleton":5,"minecraft:phantom":21,"iter_rpg:scallop":1},"minecraft:used":{"minecraft:spruce_slab":1,"minecraft:stone":160,"lootr:trophy":2,"simplyswords:diamond_rapier":4439,"undead_unleashed:grave_metal_axe":616,"dreadsteel:dreadsteel_scythe":223,"minecraft:lava_bucket":1,"minecraft:grass_block":1,"minecraft:dark_oak_slab":37,"byg:red_oak_sapling":7,"minecraft:bow":227,"minecraft:furnace":34,"forbidden_arcanus:cherry_planks":35,"minecraft:potato":41,"ars_nouveau:green_archwood_log":2,"byg:blue_enchanted_log":17,"minecraft:mossy_stone_bricks":7,"minecraft:diorite":23,"byg:white_sand":2,"ars_nouveau:blue_archwood_sapling":7,"simplyswords:iron_rapier":9,"minecraft:wooden_pickaxe":59,"minecraft:golden_apple":16,"simplyswords:watcher_claymore":621,"supplementaries:gold_gate":20,"minecraft:soul_lantern":2,"minecraft:smithing_table":1,"minecraft:white_stained_glass":1300,"minecraft:oak_boat":13,"ironchest:wood_to_iron_chest_upgrade":1,"minecraft:enchanting_table":1,"minecraft:iron_bars":1,"woodworks:spruce_chest":5,"minecraft:torch":464,"minecraft:anvil":4,"sophisticatedbackpacks:netherite_backpack":1,"enigmaticlegacy:common_potion":1,"byg:lush_dirt":24,"minecraft:iron_axe":793,"apotheosis:gem_cutting_table":1,"minecraft:smooth_basalt":13,"constructionwand:diamond_wand":170,"byg:blue_enchanted_sapling":2,"comforts:sleeping_bag_white":27,"torchmaster:megatorch":5,"minecraft:cobbled_deepslate":178,"byg:dacite":1,"minecraft:water_bucket":37,"minecraft:birch_planks":15,"minecraft:cracked_stone_bricks":27,"minecraft:oak_slab":124,"minecraft:tnt":2,"minecraft:crafting_table":24,"atmospheric:aspen_planks":234,"minecraft:white_bed":3,"byg:green_enchanted_sapling":1,"minecraft:oak_log":6,"minecraft:diamond_pickaxe":1476,"minecraft:diamond_shovel":1593,"minecraft:sunflower":4,"minecraft:iron_pickaxe":3106,"minecraft:cobblestone":187,"minecraft:cooked_porkchop":30,"minecraft:iron_shovel":599,"minecraft:diamond_hoe":170,"undead_unleashed:grave_metal_sword":775,"minecraft:carrot":384,"minecraft:tuff":8,"minecraft:milk_bucket":1,"minecraft:glass":1606,"ars_nouveau:green_archwood_sapling":20,"minecraft:item_frame":13,"minecraft:golden_sword":1,"iter_rpg:arcane_flower_seeds":1,"minecraft:repeater":1,"byg:dacite_cobblestone":1,"ars_nouveau:mage_block":65,"minecraft:stone_pickaxe":12948,"minecraft:oak_planks":175,"minecraft:diamond_axe":516,"transmog:transmogrification_table":1,"ars_nouveau:archwood_planks":1457,"minecraft:note_block":1,"waystones:waystone":1,"farmersdelight:ratatouille":16,"minecraft:melon_slice":10,"minecraft:bread":71,"minecraft:iron_door":3,"minecraft:deepslate":2,"minecraft:gravel":26,"minecraft:andesite":23,"minecraft:bone_meal":289,"minecraft:cobweb":9,"minecraft:oak_fence":98,"farmersdelight:diamond_knife":2,"minecraft:cracked_deepslate_bricks":3,"woodworks:oak_chest":29,"minecraft:spruce_planks":30,"minecraft:wooden_shovel":217,"minecraft:cooked_chicken":1,"minecraft:dirt":127,"twigs:rhyolite":7,"minecraft:granite":41,"apotheosis:ender_lead":2,"minecraft:dark_oak_planks":27,"minecraft:wooden_axe":17,"minecraft:bookshelf":5,"minecraft:oak_stairs":22,"minecraft:golden_carrot":1,"minecraft:cooked_beef":40,"byg:pink_allium_flower_bush":1,"minecraft:amethyst_block":41,"minecraft:baked_potato":18,"ironchest:wood_to_copper_chest_upgrade":13,"byg:tall_pink_allium":2,"farmersdelight:bacon_and_eggs":16,"supplementaries:cage":8,"waystones:mossy_waystone":3,"minecraft:bucket":39,"minecraft:smooth_stone":1048},"minecraft:killed":{"enemyexpansion:equestrian":29,"minecraft:skeleton":36,"minecraft:parrot":2,"enemyexpansion:tarantula":2,"undead_unleashed:frenzied_knight":1,"ars_nouveau:dummy":7,"minecraft:pillager":105,"enemyexpansion:meature":2,"irons_spellbooks:summoned_vex":1,"minecraft:zombie":53,"enemyexpansion:botfly":38,"whisperwoods:moth":1,"takesapillage:archer":2,"majruszsdifficulty:illusioner":1,"minecraft:vindicator":19,"enemyexpansion:goblin_fear":6,"iter_rpg:hobgoblin":1,"iter_rpg:water_elemental":1,"minecraft:husk":12,"aquaculture:atlantic_halibut":1,"irons_spellbooks:citadel_keeper":1,"enemyexpansion:sprinter":1,"majruszsdifficulty:cursed_armor":2,"whisperwoods:zotzpyre":1,"royalvariations:royal_zombie":3,"iter_rpg:goblin_warrior":3,"minecraft:enderman":3,"iter_rpg:goblin":2,"minecraft:zombified_piglin":44,"irons_spellbooks:pyromancer":1,"minecraft:spider":12,"minecraft:silverfish":3,"irons_spellbooks:summoned_skeleton":4,"minecraft:pig":24,"alexsmobs:grizzly_bear":1,"irons_spellbooks:necromancer":1,"minecraft:creeper":10,"undead_unleashed:shadewraith":2,"minecraft:stray":13,"alexsmobs:fly":2,"undead_unleashed:haunter":4,"raided:electromancer":1,"irons_spellbooks:summoned_zombie":6,"aquaculture:bluegill":1,"enemyexpansion:direwolf":6,"minecraft:phantom":69,"vinery:mule":1,"minecraft:panda":1,"minecraft:drowned":41,"enemyexpansion:goblin":3,"alexsmobs:flying_fish":1,"minecraft:squid":1,"iter_rpg:scallop":3,"minecraft:wither_skeleton":4},"minecraft:custom":{"minecraft:interact_with_crafting_table":215,"minecraft:open_barrel":10,"goblintraders:trade_with_goblin":214,"minecraft:leave_game":15,"minecraft:time_since_death":97112,"minecraft:play_time":1337594,"minecraft:deaths":241,"minecraft:jump":12070,"minecraft:enchant_item":21,"minecraft:interact_with_furnace":632,"minecraft:traded_with_villager":20,"minecraft:sleep_in_bed":35,"minecraft:waystone_activated":5,"minecraft:damage_dealt":192503,"minecraft:inspect_dispenser":3,"minecraft:horse_one_cm":2731,"minecraft:interact_with_smithing_table":1,"minecraft:interact_with_anvil":21,"minecraft:damage_dealt_absorbed":119,"minecraft:target_hit":2,"minecraft:sneak_time":59618,"minecraft:interact_with_lectern":3,"minecraft:interact_with_blast_furnace":4,"minecraft:total_world_time":1337594,"enigmaticlegacy:play_time_without_seven_curses":703770,"minecraft:time_since_rest":41026,"minecraft:use_wand":2458,"minecraft:swim_one_cm":153274,"minecraft:fly_one_cm":2566642,"minecraft:open_chest":749,"minecraft:fall_one_cm":246660,"enigmaticlegacy:play_time_with_seven_curses":618041,"lootr:looted_stat":184,"minecraft:animals_bred":86,"minecraft:damage_resisted":0,"minecraft:sprint_one_cm":2794720,"minecraft:drop":625,"minecraft:play_noteblock":5,"minecraft:talked_to_villager":24,"minecraft:walk_on_water_one_cm":86874,"minecraft:crouch_one_cm":218849,"minecraft:mob_kills":693,"minecraft:damage_dealt_resisted":295,"minecraft:climb_one_cm":11192,"minecraft:walk_one_cm":4368557,"minecraft:walk_under_water_one_cm":181248,"minecraft:boat_one_cm":44387,"minecraft:raid_trigger":2,"minecraft:damage_taken":84224,"minecraft:damage_absorbed":66298},"minecraft:crafted":{"minecraft:smooth_stone":1120,"minecraft:bookshelf":21,"minecraft:glass":1383,"galosphere:silver_ingot":4,"torchmaster:megatorch":2,"blue_skies:blue_journal":1,"minecraft:emerald":17,"minecraft:cooked_porkchop":12,"minecraft:diamond_axe":1,"supplementaries:cage":8,"minecraft:copper_ingot":395,"minecraft:hay_block":26,"minecraft:smooth_basalt":64,"quark:torch_arrow":64,"minecraft:iron_pickaxe":12,"minecraft:iron_block":39,"minecraft:gold_ingot":193,"minecraft:netherite_ingot":1,"sophisticatedbackpacks:netherite_backpack":1,"minecraft:golden_carrot":27,"minecraft:iron_nugget":9,"forbidden_arcanus:rotten_leather":21,"minecraft:bone_meal":144,"woodworks:spruce_chest":4,"minecraft:stone_pickaxe":70,"minecraft:redstone_block":7,"minecraft:dark_oak_planks":128,"minecraft:wheat":432,"constructionwand:diamond_wand":1,"sophisticatedbackpacks:gold_backpack":1,"minecraft:white_stained_glass":1312,"minecraft:enchanted_book":1,"supplementaries:gold_gate":2,"forbidden_arcanus:cherry_planks":36,"minecraft:flint":64,"minecraft:wooden_axe":1,"minecraft:oak_stairs":32,"atmospheric:aspen_planks":64,"minecraft:white_bed":2,"minecraft:oak_planks":708,"ars_nouveau:archwood_planks":1140,"minecraft:melon_slice":24,"minecraft:stone":493,"majruszsaccessories:gambling_card":1,"minecraft:copper_block":30,"minecraft:oak_fence":96,"ironchest:wood_to_copper_chest_upgrade":12,"minecraft:item_frame":14,"minecraft:oak_slab":174,"minecraft:crafting_table":9,"minecraft:baked_potato":16,"minecraft:wooden_pickaxe":1,"minecraft:gold_block":19,"minecraft:birch_planks":28,"minecraft:dark_oak_slab":42,"minecraft:iron_chestplate":2,"minecraft:diamond_pickaxe":3,"minecraft:stick":530,"minecraft:iron_ingot":257,"minecraft:wooden_sword":1,"irons_spellbooks:blank_rune":3,"minecraft:redstone":22,"minecraft:coal":9,"minecraft:furnace":32,"irons_spellbooks:lightning_bottle":3,"minecraft:leather":22,"minecraft:iron_axe":1,"minecraft:netherite_scrap":3,"undead_unleashed:grave_metal_ingot":3,"woodworks:oak_boards":3,"minecraft:bread":64,"minecraft:air":0,"woodworks:oak_chest":18,"minecraft:oak_boat":8,"minecraft:white_wool":21,"minecraft:gold_nugget":243,"minecraft:raw_gold":18,"minecraft:torch":388,"minecraft:lapis_block":47,"minecraft:diamond_chestplate":1},"minecraft:dropped":{"minecraft:lapis_lazuli":64,"minecraft:crafting_table":1,"minecraft:crossbow":9,"minecraft:cracked_stone_bricks":5,"xpbook:xp_tome":2,"byg:lush_dirt":81,"minecraft:emerald":4,"twigs:pebble":116,"minecraft:dirt":479,"minecraft:dark_oak_trapdoor":1,"atmospheric:shimmering_passion_fruit":7,"irons_spellbooks:epic_ink":4,"irons_spellbooks:arcane_essence":28,"minecraft:chain":2,"minecraft:sunflower":1,"minecraft:phantom_membrane":6,"forbidden_arcanus:darkstone":67,"minecraft:iron_pickaxe":2,"minecraft:dark_oak_planks":6,"minecraft:bone":10,"minecraft:note_block":5,"ringsofascension:ring_fire_resistance":1,"mutantmonsters:hulk_hammer":1,"byg:green_enchanted_log":28,"minecraft:cobbled_deepslate":5164,"minecraft:wheat":1,"minecraft:birch_sapling":2,"immersive_armors:wooden_boots":3,"minecraft:rotten_flesh":4,"minecraft:oak_planks":49,"apotheosis:gem":5,"minecraft:ladder":3,"iter_rpg:seashell":2,"majruszsaccessories:lucky_rock":1,"byg:blue_enchanted_log":41,"minecraft:enchanted_book":3,"minecraft:iron_ingot":22,"minecraft:wheat_seeds":15,"minecraft:tnt":5,"minecraft:cobblestone":1162,"minecraft:prismarine_crystals":3,"minecraft:apple":4,"minecraft:granite":124,"cisco_mod:adventurer_chestplate":1,"minecraft:coal":3,"byg:pink_allium_flower_bush":30,"origins:orb_of_origin":1,"galosphere:raw_silver":2,"irons_spellbooks:evocation_rune":4,"minecraft:wooden_axe":2,"minecraft:diamond_helmet":1,"delightful:acorn":3,"minecraft:oak_stairs":24,"minecraft:white_banner":6,"minecraft:iron_shovel":1,"minecraft:chainmail_leggings":2,"minecraft:string":7,"minecraft:gray_carpet":4,"atmospheric:aspen_sapling":2,"iter_rpg:potsherd":1,"twigs:rhyolite":110,"minecraft:player_head":2,"minecraft:bowl":6,"majruszsaccessories:owl_feather":1,"majruszsaccessories:miner_guide":1,"minecraft:clay_ball":15,"minecraft:cobbled_deepslate_slab":12,"minecraft:diamond_sword":1,"supplementaries:quiver":1,"takesapillage:ravager_horn":1,"minecraft:stone":259,"minecraft:wooden_shovel":1,"easy_villagers:villager":1,"minecraft:stone_bricks":10,"minecraft:bamboo":2,"byg:tall_pink_allium":5,"byg:dacite_cobblestone":9,"quark:moss_paste":1,"minecraft:birch_planks":18,"minecraft:dark_oak_stairs":2,"minecraft:ender_pearl":1,"byg:white_anemone":2,"cisco_mod:adventurer_leggings":1,"minecraft:birch_slab":1,"minecraft:flint":43,"atmospheric:green_aspen_sapling":3,"minecraft:ice":1,"minecraft:cornflower":1,"immersive_armors:wooden_leggings":2,"byg:embur_gel_branch":3,"minecraft:seagrass":1,"forbidden_arcanus:cherry_sapling":2,"savage_and_ravage:gloomy_tiles":1,"transmog:transmogrification_table":1,"minecraft:amethyst_shard":3,"immersive_armors:wooden_chestplate":2,"twigs:twig":6,"minecraft:gravel":156,"enigmaticlegacy:tattered_tome":2,"minecraft:carrot":1,"minecraft:chainmail_chestplate":1,"supplementaries:ash":24,"minecraft:gunpowder":9,"minecraft:chainmail_boots":2,"minecraft:iron_bars":7,"minecraft:arrow":11,"byg:mossy_stone":8,"minecraft:bread":1,"minecraft:oak_slab":17,"minecraft:bookshelf":40,"minecraft:prismarine_shard":1,"apotheosis:epic_material":4,"minecraft:stick":35,"irons_spellbooks:scroll":2,"minecraft:iron_block":4,"minecraft:mossy_cobblestone_slab":1,"minecraft:diorite":161,"minecraft:torch":128,"byg:soapstone":122,"forbidden_arcanus:spawner_scrap":2,"simplyswords:iron_rapier":3,"minecraft:iron_axe":1,"waystones:mossy_waystone":1,"minecraft:smooth_basalt":48,"minecraft:dandelion":7,"minecraft:redstone":113,"alexsmobs:maggot":1,"minecraft:raw_copper":46,"majruszsaccessories:tool_scraps":2,"ars_nouveau:archwood_planks":313,"minecraft:tuff":516,"minecraft:raw_iron":1,"byg:tall_allium":5,"enemyexpansion:phantom_eye":5,"alexsmobs:bear_fur":2,"twigs:tangerine_seashell":1,"minecraft:shield":2,"minecraft:andesite":99,"minecraft:mossy_stone_bricks":3,"minecraft:oak_sapling":1,"minecraft:golden_sword":2,"minecraft:slime_ball":4,"byg:imbued_blue_enchanted_log":6,"minecraft:stone_pickaxe":2,"minecraft:calcite":31,"immersive_armors:wooden_helmet":2},"minecraft:mined":{"minecraft:dark_oak_planks":193,"minecraft:white_bed":1,"irons_spellbooks:armor_pile":1,"minecraft:obsidian":49,"minecraft:granite":372,"minecraft:deepslate_bricks":3,"minecraft:coal_block":1,"minecraft:spawner":15,"savage_and_ravage:gloomy_tiles":1,"minecraft:dark_oak_trapdoor":2,"forbidden_arcanus:thin_cherry_log":16,"minecraft:fire":23,"minecraft:cobbled_deepslate":15,"minecraft:deepslate_lapis_ore":16,"bakery:strawberry_taiga":8,"minecraft:oak_stairs":2,"minecraft:spruce_pressure_plate":1,"iter_rpg:arcane_flower":5,"minecraft:tripwire":6,"byg:dacite":14,"atmospheric:aspen_planks":4,"minecraft:red_bed":1,"woodworks:spruce_chest":2,"undead_unleashed:ancient_dirt":56,"minecraft:note_block":3,"minecraft:torch":33,"minecraft:dark_oak_wood":7,"byg:imbued_blue_enchanted_log":8,"minecraft:melon":37,"byg:witch_hazel_branch":5,"galosphere:silver_ore":5,"minecraft:glass":14,"minecraft:sugar_cane":2,"minecraft:amethyst_block":46,"minecraft:skeleton_skull":2,"minecraft:chain":2,"byg:soapstone":324,"forbidden_arcanus:darkstone":316,"celestisynth:lunar_stone":10,"minecraft:stone_brick_stairs":24,"minecraft:grass":387,"forbidden_arcanus:cherry_log":1,"delightful:mini_melon":8,"minecraft:smooth_basalt":24,"twigs:rhyolite":264,"minecraft:deepslate":6813,"forbidden_arcanus:stella_arcanum":1,"minecraft:mossy_cobblestone":69,"minecraft:sea_lantern":6,"minecraft:dark_oak_fence":1,"atmospheric:agave":2,"minecraft:moss_block":1,"forbidden_arcanus:deepslate_arcane_crystal_ore":4,"minecraft:andesite":166,"iter_rpg:geodite":4,"minecraft:cobblestone_slab":3,"atmospheric:aspen_log":56,"minecraft:oak_slab":68,"twigs:pebble":2,"minecraft:redstone_block":1,"minecraft:potted_lily_of_the_valley":1,"minecraft:stone_brick_slab":3,"supplementaries:gold_gate":8,"minecraft:observer":1,"minecraft:emerald_ore":1,"minecraft:sponge":2,"iter_rpg:vase":1,"byg:green_enchanted_log":28,"minecraft:tall_grass":3,"minecraft:copper_ore":34,"minecraft:deepslate_gold_ore":45,"minecraft:cracked_deepslate_bricks":2,"minecraft:diorite":331,"byg:dacite_cobblestone":1,"minecraft:birch_leaves":1,"ars_nouveau:mage_block":199,"minecraft:sunflower":36,"minecraft:gravel":323,"minecraft:cobweb":57,"minecraft:polished_blackstone":20,"minecraft:stone_bricks":111,"byg:tall_allium":12,"minecraft:fern":7,"minecraft:large_amethyst_bud":1,"minecraft:spruce_planks":250,"minecraft:farmland":1,"minecraft:cobblestone_stairs":2,"minecraft:brewing_stand":1,"byg:blue_enchanted_leaves":64,"minecraft:stripped_crimson_hyphae":1,"minecraft:budding_amethyst":5,"minecraft:grass_block":546,"twigs:twig":1,"comforts:sleeping_bag_white":3,"minecraft:smooth_stone":61,"minecraft:sculk_catalyst":1,"minecraft:mossy_cobblestone_slab":1,"byg:red_oak_leaves":13,"minecraft:glowstone":1,"minecraft:iron_ore":55,"minecraft:dark_oak_stairs":3,"minecraft:iron_bars":11,"minecraft:spruce_slab":5,"minecraft:deepslate_redstone_ore":1,"byg:white_sand":3978,"undead_unleashed:grave_soil":7,"minecraft:calcite":31,"minecraft:cobblestone":87,"minecraft:oak_planks":111,"minecraft:wall_torch":16,"byg:lush_grass_block":128,"iter_rpg:arcane_flower_seeds":1,"minecraft:dark_oak_slab":5,"lootr:trophy":1,"minecraft:birch_log":7,"ars_nouveau:archwood_planks":29,"forbidden_arcanus:cherry_planks":2,"minecraft:tnt":6,"minecraft:oak_log":310,"byg:blue_enchanted_log":71,"minecraft:sand":188,"minecraft:dirt":327,"minecraft:oak_leaves":8,"minecraft:red_carpet":6,"minecraft:tuff":610,"minecraft:deepslate_diamond_ore":31,"minecraft:candle":1,"ars_nouveau:green_archwood_leaves":28,"torchmaster:megatorch":2,"byg:pink_allium_flower_bush":8,"minecraft:glow_lichen":2,"minecraft:white_stained_glass":1,"minecraft:infested_chiseled_stone_bricks":3,"minecraft:hay_block":67,"minecraft:oak_trapdoor":1,"minecraft:furnace":2,"minecraft:carrots":53,"iter_rpg:small_vase":2,"minecraft:raw_gold_block":2,"minecraft:stripped_spruce_log":9,"byg:allium_flower_bush":2,"minecraft:bookshelf":192,"minecraft:deepslate_iron_ore":22,"minecraft:stone":6371,"ars_nouveau:green_archwood_log":338,"minecraft:stripped_dark_oak_log":2,"minecraft:basalt":2,"minecraft:polished_granite":9,"minecraft:oak_fence":46,"minecraft:andesite_slab":2,"minecraft:lapis_ore":3,"supplementaries:cage":2,"supplementaries:urn":2,"minecraft:birch_planks":5,"ars_nouveau:blue_archwood_log":63,"byg:lush_dirt":66,"forbidden_arcanus:xpetrified_ore":3,"iter_rpg:abyss_quartz":3,"atmospheric:watchful_aspen_log":2,"minecraft:coal_ore":649,"minecraft:gray_carpet":1,"byg:tall_pink_allium":19,"minecraft:cracked_stone_bricks":16,"forbidden_arcanus:gilded_darkstone":1,"minecraft:polished_andesite":8,"minecraft:mossy_stone_bricks":9},"minecraft:picked_up":{"minecraft:wooden_axe":1,"minecraft:seagrass":1,"minecraft:iron_chestplate":2,"minecraft:anvil":1,"minecraft:chainmail_boots":2,"byg:lush_dirt":105,"minecraft:flower_pot":1,"minecraft:prismarine_shard":1,"minecraft:lead":2,"minecraft:diamond_sword":1,"minecraft:oak_stairs":14,"minecraft:enchanted_book":13,"simplyswords:iron_rapier":2,"minecraft:golden_sword":5,"minecraft:amethyst_block":22,"minecraft:dark_oak_trapdoor":2,"forbidden_arcanus:xpetrified_orb":3,"minecraft:string":147,"apotheosis:epic_material":10,"atmospheric:aspen_log":100,"byg:mossy_stone":11,"minecraft:gold_nugget":44,"minecraft:cobbled_deepslate":4885,"bosses_of_mass_destruction:soul_star":5,"minecraft:black_glazed_terracotta":128,"minecraft:spruce_planks":83,"celestisynth:lunar_stone":14,"undead_unleashed:grave_metal_sword":2,"minecraft:melon_slice":105,"minecraft:coal_block":1,"farmersdelight:ratatouille":9,"minecraft:spruce_pressure_plate":1,"apotheosis:rare_material":20,"irons_spellbooks:wandering_magician_boots":1,"majruszsaccessories:tamed_potato_beetle":1,"irons_spellbooks:fire_rune":1,"byg:blue_enchanted_sapling":9,"easy_villagers:villager":1,"minecraft:stone_sword":1,"quark:clear_shard":16,"byg:green_enchanted_sapling":2,"atmospheric:green_aspen_sapling":3,"iter_rpg:arcane_flower_seeds":1,"minecraft:bookshelf":20,"iter_rpg:gobsteel_scrap":2,"supplementaries:quiver":1,"supplementaries:ash":63,"minecraft:iron_bars":5,"alexsmobs:flying_fish":1,"minecraft:sponge":2,"minecraft:birch_log":7,"majruszsaccessories:tool_scraps":6,"minecraft:feather":6,"minecraft:iron_door":3,"minecraft:birch_slab":3,"byg:embur_gel_branch":3,"minecraft:flint":65,"relics:jellyfish_necklace":1,"minecraft:lantern":1,"irons_spellbooks:iron_spell_book":1,"iter_rpg:arcane_flower":5,"delightful:mini_melon":8,"iter_rpg:water_fragment":2,"minecraft:glowstone_dust":40,"apotheosis:mythic_material":1,"galosphere:raw_silver":8,"patchouli:guide_book":2,"minecraft:ink_sac":4,"minecraft:deepslate":1,"minecraft:granite":385,"knightquest:small_essence":8,"alexsmobs:maggot":3,"twigs:rhyolite":117,"minecraft:dark_oak_fence":1,"minecraft:diamond_pickaxe":2,"minecraft:crafting_table":1,"minecraft:clay_ball":30,"minecraft:leather_leggings":1,"byg:white_sand":3551,"minecraft:cornflower":1,"ringsofascension:ring_fire_resistance":1,"minecraft:netherite_scrap":4,"minecraft:white_stained_glass":1,"minecraft:iron_shovel":1,"undead_unleashed:grave_metal_ingot":1,"minecraft:cracked_stone_bricks":12,"byg:pink_allium_flower_bush":44,"immersive_armors:wooden_leggings":1,"minecraft:iron_nugget":2,"minecraft:spruce_slab":4,"minecraft:birch_sapling":2,"atmospheric:aspen_planks":3,"minecraft:egg":2,"minecraft:stone":147,"minecraft:raw_gold_block":2,"sophisticatedbackpacks:backpack":1,"minecraft:redstone":204,"origins:orb_of_origin":1,"minecraft:carrot":398,"byg:witch_hazel_branch":5,"minecraft:prismarine_crystals":5,"minecraft:tnt":6,"ars_nouveau:green_archwood_log":397,"irons_spellbooks:evocation_rune":5,"immersive_armors:wooden_helmet":2,"minecraft:stone_shovel":1,"minecraft:hay_block":67,"minecraft:cracked_deepslate_bricks":2,"minecraft:gold_ingot":3,"sophisticatedbackpacks:copper_backpack":1,"enemyexpansion:horsehead_helmet":1,"ars_nouveau:mage_block":65,"forbidden_arcanus:cherry_sapling":2,"minecraft:oak_log":288,"byg:white_anemone":2,"byg:dacite_cobblestone":24,"minecraft:white_banner":14,"minecraft:apple":9,"minecraft:stone_bricks":27,"minecraft:stone_pickaxe":4,"apotheosis:gem_dust":7,"minecraft:iron_sword":1,"forbidden_arcanus:darkstone":67,"minecraft:dark_oak_stairs":4,"minecraft:smooth_basalt":49,"enemyexpansion:phantom_eye":18,"minecraft:dark_oak_slab":7,"minecraft:gravel":329,"enigmaticlegacy:enigmatic_amulet":1,"farmersdelight:bacon_and_eggs":25,"minecraft:leather_helmet":1,"forbidden_arcanus:arcane_crystal":6,"minecraft:slime_ball":36,"quark:moss_paste":1,"minecraft:stripped_dark_oak_log":65,"immersive_armors:wooden_boots":2,"enigmaticlegacy:magnet_ring":1,"minecraft:ender_pearl":5,"irons_spellbooks:scroll":7,"minecraft:wheat":2,"atmospheric:aspen_sapling":2,"minecraft:potion":1,"undead_unleashed:grave_metal_chestplate":2,"minecraft:raw_copper":277,"irons_spellbooks:heavy_chain_necklace":1,"minecraft:experience_bottle":3,"irons_spellbooks:arcane_essence":48,"minecraft:smooth_stone":19,"byg:blue_enchanted_log":58,"twigs:pebble":147,"comforts:sleeping_bag_white":27,"delightful:acorn":3,"minecraft:ender_eye":3,"minecraft:calcite":39,"minecraft:iron_pickaxe":1,"apotheosis:ender_lead":1,"minecraft:iron_boots":1,"minecraft:furnace":2,"minecraft:tipped_arrow":5,"minecraft:stick":10,"apotheosis:gem":65,"minecraft:oak_fence":46,"minecraft:torch":105,"minecraft:porkchop":17,"minecraft:diorite":367,"minecraft:goat_horn":1,"mutantmonsters:hulk_hammer":1,"minecraft:rotten_flesh":232,"cisco_mod:adventurer_leggings":1,"byg:embur_gel_ball":50,"dreadsteel:dreadsteel_scythe":1,"minecraft:obsidian":21,"twigs:tangerine_seashell":1,"minecraft:blaze_powder":3,"minecraft:cobblestone":4628,"minecraft:repeater":1,"minecraft:andesite":140,"minecraft:potato":84,"alexsmobs:bear_fur":2,"minecraft:tuff":637,"minecraft:wither_skeleton_skull":8,"minecraft:lapis_lazuli":549,"minecraft:dirt":768,"constructionwand:iron_wand":1,"byg:imbued_blue_enchanted_log":6,"minecraft:name_tag":1,"minecraft:leather_boots":1,"minecraft:glass":261,"minecraft:bone":146,"farmersdelight:iron_knife":2,"majruszsaccessories:miner_guide":1,"minecraft:bow":6,"minecraft:wheat_seeds":111,"minecraft:raw_gold":123,"minecraft:cobbled_deepslate_slab":6,"cisco_mod:adventurer_helmet":1,"minecraft:mossy_stone_bricks":10,"minecraft:bamboo":2,"twigs:twig":64,"minecraft:oak_planks":130,"minecraft:ghast_tear":1,"byg:green_enchanted_log":28,"iter_rpg:seashell":2,"minecraft:cooked_porkchop":18,"irons_spellbooks:frozen_bone":42,"byg:pollen_dust":9,"torchmaster:megatorch":2,"minecraft:sand":197,"iter_rpg:stone_geode":39,"minecraft:grass_block":1,"minecraft:lily_of_the_valley":1,"minecraft:mossy_cobblestone":64,"majruszsaccessories:owl_feather":3,"forbidden_arcanus:ender_pearl_fragment":9,"immersive_armors:warrior_helmet":1,"minecraft:diamond":78,"waystones:waystone":1,"iter_rpg:abyssquartz_shard":6,"minecraft:crossbow":14,"minecraft:golden_apple":23,"minecraft:emerald":109,"minecraft:oak_sapling":10,"cisco_mod:brightsteel_ingot":7,"iter_rpg:spawner_fragment":5,"byg:soapstone":160,"minecraft:ladder":3,"byg:tall_pink_allium":18,"transmog:transmogrification_table":1,"ars_nouveau:blue_archwood_sapling":7,"minecraft:gold_block":1,"minecraft:chain":3,"woodworks:spruce_chest":2,"minecraft:shield":3,"minecraft:oak_trapdoor":1,"ars_nouveau:archwood_planks":363,"forbidden_arcanus:thin_cherry_log":16,"minecraft:iron_axe":1,"skilltree:wisdom_scroll":2,"minecraft:item_frame":8,"takesapillage:ravager_horn":1,"minecraft:oak_boat":4,"savage_and_ravage:gloomy_tiles":1,"irons_spellbooks:epic_ink":5,"minecraft:player_head":12,"supplementaries:cage":2,"minecraft:sugar_cane":5,"minecraft:phantom_membrane":82,"forbidden_arcanus:gilded_darkstone":1,"minecraft:raw_iron":178,"minecraft:copper_ingot":2,"minecraft:bowl":12,"minecraft:note_block":8,"ars_nouveau:blue_archwood_log":63,"immersive_armors:divine_leggings":2,"ars_nouveau:frostaya_pod":3,"minecraft:dark_oak_planks":24,"minecraft:arrow":428,"majruszsaccessories:lucky_rock":6,"forbidden_arcanus:spawner_scrap":14,"minecraft:skeleton_skull":1,"minecraft:basalt":1,"simplyswords:diamond_rapier":3,"minecraft:leather":2,"minecraft:birch_planks":25,"minecraft:ice":1,"minecraft:chainmail_chestplate":1,"minecraft:gunpowder":10,"cisco_mod:adventurer_boots":1,"minecraft:red_carpet":6,"ars_nouveau:green_archwood_sapling":68,"minecraft:gray_carpet":4,"byg:red_oak_sapling":16,"byg:allium_flower_bush":4,"iter_rpg:potsherd":1,"minecraft:iron_ingot":25,"supplementaries:gold_gate":7,"minecraft:cooked_chicken":1,"irons_spellbooks:cinder_essence":1,"iter_rpg:deepslate_geode":2,"forbidden_arcanus:cherry_log":1,"minecraft:sculk_catalyst":1,"minecraft:book":558,"minecraft:oak_slab":78,"bakery:strawberry":2,"waystones:mossy_waystone":2,"minecraft:dandelion":7,"minecraft:amethyst_shard":7,"undead_unleashed:grave_metal_scrap":37,"minecraft:white_bed":1,"minecraft:spider_eye":1,"byg:embur_pedu":6,"xpbook:xp_tome":3,"immersive_armors:wooden_chestplate":1,"byg:tall_allium":12,"minecraft:chainmail_leggings":3,"minecraft:iron_helmet":2,"undead_unleashed:grave_metal_axe":2,"minecraft:dark_oak_wood":9,"minecraft:coal":996,"minecraft:sunflower":38}},"DataVersion":3120}