{"stats":{"minecraft:broken":{"minecraft:stone_pickaxe":2,"minecraft:wooden_sword":1},"minecraft:killed_by":{"minecraft:wither_skeleton":1,"minecraft:stray":1,"minecraft:creeper":1,"enemyexpansion:equestrian":12,"enemyexpansion:huntsman":1,"minecraft:skeleton":5,"majruszsdifficulty:tank":2},"minecraft:used":{"cisco_mod:adventurer_leggings":2,"cisco_mod:adventurer_chestplate":3,"woodworks:oak_chest":2,"minecraft:deepslate_gold_ore":16,"minecraft:torch":248,"minecraft:dirt":10,"minecraft:anvil":1,"simplyswords:diamond_rapier":646,"twigs:rhyolite":17,"minecraft:tuff":22,"minecraft:deepslate_diamond_ore":20,"minecraft:golden_carrot":55,"minecraft:bow":45,"minecraft:cobbled_deepslate":123,"minecraft:stone_pickaxe":284,"minecraft:oak_planks":1,"minecraft:golden_apple":2,"minecraft:crafting_table":1,"ars_nouveau:archwood_planks":4,"minecraft:crossbow":1,"farmersdelight:bacon_and_eggs":12,"farmersdelight:ratatouille":16,"cisco_mod:adventurer_helmet":3,"minecraft:melon_slice":2,"minecraft:iron_pickaxe":11367,"atmospheric:shimmering_passion_fruit":8,"minecraft:deepslate":72,"minecraft:wooden_sword":59,"minecraft:cobblestone":9,"minecraft:grindstone":1,"cisco_mod:adventurer_boots":3,"minecraft:cooked_porkchop":1,"minecraft:andesite":4,"minecraft:andesite_stairs":46,"alexsmobs:animal_dictionary":1,"minecraft:chainmail_leggings":1,"minecraft:experience_bottle":7,"minecraft:cobweb":2},"minecraft:killed":{"irons_spellbooks:summoned_zombie":3,"minecraft:spider":3,"enemyexpansion:equestrian":10,"minecraft:phantom":3,"minecraft:skeleton":14,"minecraft:silverfish":15,"minecraft:drowned":2,"irons_spellbooks:summoned_skeleton":5,"minecraft:husk":6,"minecraft:pig":1,"majruszsdifficulty:tank":2,"majruszsdifficulty:cursed_armor":5,"minecraft:creeper":1,"minecraft:sheep":1,"minecraft:zombie":19,"undead_unleashed:shadewraith":3,"minecraft:stray":1,"undead_unleashed:haunter":3,"minecraft:wither_skeleton":1},"minecraft:custom":{"enigmaticlegacy:play_time_with_seven_curses":0,"lootr:looted_stat":5,"minecraft:interact_with_anvil":16,"minecraft:mob_kills":95,"minecraft:interact_with_crafting_table":40,"minecraft:damage_dealt_resisted":196,"minecraft:leave_game":5,"minecraft:time_since_death":385445,"minecraft:climb_one_cm":14,"minecraft:damage_resisted":0,"minecraft:sprint_one_cm":81857,"minecraft:walk_one_cm":2312161,"minecraft:drop":160,"minecraft:talked_to_villager":3,"minecraft:play_time":463295,"minecraft:sneak_time":3915,"minecraft:deaths":23,"minecraft:walk_under_water_one_cm":23914,"minecraft:jump":3124,"minecraft:walk_on_water_one_cm":30488,"minecraft:enchant_item":125,"minecraft:total_world_time":463295,"minecraft:interact_with_furnace":9,"enigmaticlegacy:play_time_without_seven_curses":462076,"minecraft:traded_with_villager":23,"minecraft:interact_with_grindstone":76,"minecraft:sleep_in_bed":2,"minecraft:time_since_rest":115274,"minecraft:waystone_activated":1,"minecraft:damage_taken":13352,"minecraft:damage_absorbed":39,"minecraft:damage_dealt":44907,"minecraft:swim_one_cm":3473,"minecraft:player_kills":1,"minecraft:fly_one_cm":213316,"minecraft:open_chest":257,"minecraft:crouch_one_cm":6110,"minecraft:fall_one_cm":26704},"minecraft:crafted":{"minecraft:golden_carrot":106,"minecraft:oak_planks":12,"ars_nouveau:archwood_planks":184,"minecraft:stone":0,"minecraft:emerald":14,"minecraft:arrow":80,"minecraft:enchanted_book":4,"minecraft:air":0,"woodworks:oak_chest":5,"minecraft:gold_nugget":792,"minecraft:stick":372,"minecraft:andesite_stairs":40,"minecraft:lapis_block":84},"minecraft:dropped":{"minecraft:netherite_pickaxe":1,"minecraft:wheat_seeds":2,"minecraft:cooked_beef":107,"minecraft:cobblestone":915,"xpbook:xp_tome":2,"undead_unleashed:grave_metal_scrap":1,"apotheosis:epic_material":2,"twigs:pebble":116,"minecraft:dirt":37,"minecraft:sculk_catalyst":1,"relics:holy_locket":1,"minecraft:sunflower":3,"forbidden_arcanus:darkstone":213,"minecraft:iron_pickaxe":3,"minecraft:string":1,"enigmaticlegacy:withered_tome":5,"minecraft:redstone":338,"ars_nouveau:caster_tome":1,"minecraft:gravel":28,"twigs:rhyolite":2,"minecraft:anvil":1,"alexsmobs:maggot":1,"minecraft:player_head":1,"ars_nouveau:source_berry":4,"minecraft:cobbled_deepslate":1361,"minecraft:deepslate":1347,"minecraft:tuff":226,"farmersdelight:cabbage_seeds":6,"minecraft:rotten_flesh":5,"byg:tall_allium":1,"enigmaticlegacy:tattered_tome":2,"enigmaticlegacy:cursed_ring":1,"minecraft:shield":1,"minecraft:andesite":27,"byg:tall_pink_allium":1,"minecraft:stone_pickaxe":1,"majruszsaccessories:lucky_rock":4,"immersive_armors:wooden_helmet":1},"minecraft:mined":{"minecraft:tuff":739,"minecraft:spruce_planks":6,"minecraft:deepslate_diamond_ore":106,"minecraft:andesite_stairs":7,"minecraft:sea_lantern":1,"minecraft:granite":27,"minecraft:grass_block":14,"minecraft:cracked_polished_blackstone_bricks":1,"minecraft:white_stained_glass":1,"minecraft:soul_soil":27,"minecraft:spawner":3,"byg:blue_netherrack":6,"forbidden_arcanus:deepslate_arcane_crystal_ore":2,"minecraft:sculk_catalyst":1,"minecraft:iron_ore":5,"minecraft:cobbled_deepslate":37,"byg:prairie_grass":32,"minecraft:andesite":91,"minecraft:deepslate_lapis_ore":43,"minecraft:deepslate_iron_ore":11,"minecraft:stone":1186,"byg:tall_prairie_grass":36,"byg:dacite":1,"minecraft:deepslate_redstone_ore":81,"ars_nouveau:green_archwood_log":185,"minecraft:soul_sand":28,"galosphere:deepslate_silver_ore":50,"minecraft:cobblestone":1,"minecraft:deepslate_gold_ore":128,"minecraft:lapis_ore":23,"minecraft:sculk":2,"minecraft:diorite":22,"minecraft:wall_torch":7,"byg:scoria_stone":101,"forbidden_arcanus:darkstone":1496,"iter_rpg:abyss_quartz":1,"minecraft:tnt":1,"minecraft:grass":6,"ars_nouveau:mage_block":24,"minecraft:coal_ore":42,"minecraft:oak_log":64,"byg:embur_gel_block":2,"minecraft:gravel":453,"minecraft:dirt":95,"minecraft:lodestone":1,"twigs:rhyolite":191,"forbidden_arcanus:gilded_darkstone":5,"byg:tall_allium":1,"minecraft:deepslate":12174},"minecraft:picked_up":{"ars_nouveau:caster_tome":1,"undead_unleashed:cursed_cloth":1,"byg:tall_pink_allium":4,"galosphere:silver_ingot":22,"enigmaticlegacy:tattered_tome":4,"minecraft:enchanted_book":1,"minecraft:shield":1,"ars_nouveau:archwood_planks":1,"minecraft:string":2,"apotheosis:epic_material":2,"minecraft:raw_copper":3,"ringsofascension:ring_fire_resistance":2,"minecraft:item_frame":1,"minecraft:zombie_head":1,"atmospheric:shimmering_passion_fruit":8,"minecraft:gold_nugget":46,"minecraft:cobbled_deepslate":2094,"twigs:pebble":54,"minecraft:spruce_planks":6,"minecraft:deepslate_diamond_ore":20,"byg:pink_allium_flower_bush":4,"minecraft:player_head":1,"byg:embur_gel_vines":3,"minecraft:iron_pickaxe":6,"minecraft:spruce_slab":1,"farmersdelight:cabbage_seeds":6,"minecraft:tipped_arrow":1,"forbidden_arcanus:gilded_darkstone":2,"minecraft:raw_iron":13,"apotheosis:gem":10,"minecraft:torch":136,"minecraft:porkchop":2,"minecraft:music_disc_11":1,"minecraft:diorite":22,"enigmaticlegacy:withered_tome":5,"minecraft:carrot":206,"minecraft:redstone":118,"minecraft:netherite_pickaxe":1,"ars_nouveau:green_archwood_log":125,"minecraft:tnt":1,"byg:biomepedia":1,"minecraft:stone_sword":1,"minecraft:arrow":31,"minecraft:rotten_flesh":34,"majruszsaccessories:lucky_rock":4,"ars_nouveau:worn_notebook":1,"minecraft:iron_block":5,"minecraft:gold_ingot":14,"supplementaries:ash":3,"minecraft:bone_block":15,"forbidden_arcanus:spawner_scrap":2,"minecraft:white_wool":1,"minecraft:cobblestone":1002,"majruszsaccessories:tool_scraps":1,"minecraft:leather_chestplate":1,"minecraft:cooked_beef":107,"relics:holy_locket":2,"simplyswords:diamond_rapier":1,"minecraft:golden_carrot":10,"minecraft:andesite":91,"minecraft:potato":9,"minecraft:flint":56,"minecraft:tuff":305,"minecraft:oak_log":64,"minecraft:gunpowder":1,"minecraft:wither_skeleton_skull":2,"minecraft:lapis_lazuli":214,"minecraft:dirt":147,"minecraft:bone":31,"ars_nouveau:green_archwood_sapling":9,"minecraft:wheat_seeds":9,"minecraft:raw_gold":3,"minecraft:rabbit_hide":12,"minecraft:iron_ingot":8,"minecraft:stone_pickaxe":1,"twigs:twig":12,"minecraft:oak_planks":36,"forbidden_arcanus:darkstone":194,"minecraft:book":2,"minecraft:sculk_catalyst":1,"irons_spellbooks:frozen_bone":10,"quark:white_shard":4,"minecraft:cooked_porkchop":2,"patchouli:guide_book":1,"minecraft:gravel":148,"undead_unleashed:grave_metal_scrap":11,"sophisticatedbackpacks:iron_backpack":1,"farmersdelight:bacon_and_eggs":19,"alexsmobs:animal_dictionary":1,"minecraft:leather_helmet":1,"minecraft:deepslate":535,"minecraft:diamond":55,"xpbook:xp_tome":3,"byg:tall_allium":3,"minecraft:deepslate_gold_ore":16,"iter_rpg:abyssquartz_shard":2,"knightquest:small_essence":1,"minecraft:crossbow":1,"minecraft:granite":27,"minecraft:bone_meal":21,"minecraft:golden_apple":9,"minecraft:emerald":12,"alexsmobs:maggot":1,"twigs:rhyolite":6,"cisco_mod:brightsteel_ingot":1,"minecraft:coal":66,"iter_rpg:spawner_fragment":1,"minecraft:sunflower":4}},"DataVersion":3120}